Port #,Mean_Delay,SD_Delay,Mean_Duration,SD_Duration,N
Port 1,0.000242391,8.638220520161587e-05,0.10019221739130435,9.39206418021148e-05,23
Port 2,0.00027892,9.484677116275496e-05,0.10022492,0.000196539,25
Port 3,0.000308222,0.000109588,0.10018440740740742,9.244510190429971e-05,27
Port 4,0.000249692,6.831735898336188e-05,0.10019253846153846,0.000102958,26
